0000270836;1;Компьютер Compaq 8300 elite CMT;RUA309003R;10084;1;В эксплуатации;2;Персональный компьютер;4;Отдел безопасности;НБ_В317
0000270667;1;Компьютер Compaq 8300 elite CMT;RUA3090058;10082;1;В эксплуатации;2;Персональный компьютер;4;Отдел безопасности;НБ_В317
0000271533;1;Компьютер Compaq 8300 elite CMT;RUA309005F;10083;1;В эксплуатации;2;Персональный компьютер;4;Отдел безопасности;НБ_В317
0000270526;1;Компьютер Compaq 8300 elite CMT;RUA343057Z;10129;2;Хранение исправного;2;Персональный компьютер;5;Отдел информатизации;НБ_Б106
0000270488;1;Компьютер Compaq 8300 elite CMT;RUA343057X;10130;2;Хранение исправного;2;Персональный компьютер;5;Отдел информатизации;НБ_Б402
0000271141;2;Компьютер HP 600G1;CZC4434J1B;10176;1;В эксплуатации;2;Персональный компьютер;5;Отдел информатизации;НБ_Б406
0000270705;2;Компьютер HP 600G1;CZC4462LXP;10177;2;Хранение исправного;2;Персональный компьютер;5;Отдел информатизации;НБ_Б406
0000581517;2;Компьютер HP 600G1;б/н;10102.9;1;В эксплуатации;2;Персональный компьютер;5;Отдел информатизации;НБ_Б106
0000271561;3;Компьютер HP 800G1 TWR;CZC425581J;10181;1;В эксплуатации;2;Персональный компьютер;6;Отдел наличного денежного обращения и кассовых операций;НБ_В317
0000270910;3;Компьютер HP 800G1 TWR;CZC4255ZT5;10180;1;В эксплуатации;2;Персональный компьютер;6;Отдел наличного денежного обращения и кассовых операций;НБ_В317
0000272203;4;Компьютер HP Compaq 6000 Pro;RUA03221ZV;9933;2;Хранение исправного;2;Персональный компьютер;5;Отдел информатизации;НБ_Б206
0000271270;5;Компьютер HP dc 7900;CZC9449HRM;9761;2;Хранение исправного;2;Персональный компьютер;4;Отдел безопасности;НБ_Д105
0000270851;5;Компьютер HP dc 7900;CZC944BXMM;9772;2;Хранение исправного;2;Персональный компьютер;4;Отдел безопасности;НБ_Б201
0000271246;5;Компьютер HP dc 7900;CZC944BXNG;9777;2;Хранение исправного;2;Персональный компьютер;5;Отдел информатизации;НБ_Б201
0000272279;5;Компьютер HP dc 7900;CZC944BXNZ;9780;2;Хранение исправного;2;Персональный компьютер;7;Отдел управления недвижимостью и эксплуатации;НБ_Б412
0000270796;6;Компьютер HP dc7600;CZC64049C0;8375;2;Хранение исправного;2;Персональный компьютер;5;Отдел информатизации;НБ_Б402
0000272053;6;Компьютер HP dc7600;CZC64049CJ;8383;2;Хранение исправного;2;Персональный компьютер;8;Руководство;НБ_Б402
0000270389;6;Компьютер HP dc7600;нет данных;8343;2;Хранение исправного;2;Персональный компьютер;5;Отдел информатизации;НБ_Г206
0000272200;6;Компьютер HP dc7600;нет данных;8460;2;Хранение исправного;2;Персональный компьютер;5;Отдел информатизации;НБ_А109
0000272495;6;Компьютер HP dc7600;нет данных;8456;2;Хранение исправного;2;Персональный компьютер;5;Отдел информатизации;НБ_Б312
0000270513;7;Компьютер HP EliteDesk 800 G3 TWR;CZC8287SBX;604010195441;1;В эксплуатации;2;Персональный компьютер;5;Отдел информатизации;НБ_А140
0000272508;7;Компьютер HP EliteDesk 800 G3 TWR;CZC8287SCC;604010195442;1;В эксплуатации;2;Персональный компьютер;5;Отдел информатизации;НБ_Г217
0000272174;8;Мобильная рабочая станция Aguarius Cmp NS677;2171120207802-0036;9801428;1;В эксплуатации;1;Ноутбук;5;Отдел информатизации;НБ_Б402
0000270964;8;Мобильная рабочая станция Aguarius Cmp NS677;2171120207802-0198;9801429;1;В эксплуатации;1;Ноутбук;12;Юридический отдел;НБ_Г206
0000270918;8;Мобильная рабочая станция Aguarius Cmp NS677;2171120207802-0311;9801424;1;В эксплуатации;1;Ноутбук;10;Сектор по работе с персоналом;НБ_Б402
0000272367;8;Мобильная рабочая станция Aguarius Cmp NS677;2171120207802-0312;9801426;1;В эксплуатации;1;Ноутбук;6;Отдел наличного денежного обращения и кассовых операций;НБ_Б402
0000272245;8;Мобильная рабочая станция Aguarius Cmp NS677;2171120207802-0333;9801427;1;В эксплуатации;1;Ноутбук;2;Административный отдел;НБ_Б320
0000271568;8;Мобильная рабочая станция Aguarius Cmp NS677;2171120207802-0348;9801425;1;В эксплуатации;1;Ноутбук;5;Отдел информатизации;НБ_Б306
0000272151;8;Мобильная рабочая станция Aguarius Cmp NS677;2171120207802-0349;9801430;1;В эксплуатации;1;Ноутбук;8;Руководство;НБ_Г203
0000272234;9;Ноутбук Acer AS1410-232G25i;нет данных;29062868;1;В эксплуатации;1;Ноутбук;5;Отдел информатизации;НБ_Б402
0000272401;9;Ноутбук Acer AS1410-232G25i;нет данных;29062867;2;Хранение исправного;1;Ноутбук;5;Отдел информатизации;НБ_Г305
0000270809;10;Ноутбук HP 8570p;5CB2341X0Y;10064;1;В эксплуатации;1;Ноутбук;5;Отдел информатизации;НБ_Б321
0000272384;10;Ноутбук HP 8570p;5CB24221CN;10065;1;В эксплуатации;1;Ноутбук;9;Сектор платёжных систем и расчетов;НБ_А126
0000270601;10;Ноутбук HP 8570p;5CB24221J9;10066;2;Хранение исправного;1;Ноутбук;5;Отдел информатизации;НБ_В210
0000270456;11;Ноутбук HP EliteBook 2560p;CNU22209CL;10028;2;Хранение исправного;1;Ноутбук;5;Отдел информатизации;НБ_Б106
0000272546;11;Ноутбук HP EliteBook 2560p;CNU22729RS;10030;2;Хранение исправного;1;Ноутбук;11;Экономический отдел;НБ_Б106
0000271222;11;Ноутбук HP EliteBook 2560p;CNU22729RX;10031;1;В эксплуатации;1;Ноутбук;6;Отдел наличного денежного обращения и кассовых операций;НБ_Б402
0000271115;11;Ноутбук HP EliteBook 2560p;CNU22729SW;10032;1;В эксплуатации;1;Ноутбук;11;Экономический отдел;НБ_Б106
0000270939;11;Ноутбук HP EliteBook 2560p;CNU22729SY;10033;1;В эксплуатации;1;Ноутбук;3;Операционный отдел;НБ_Б402
0000272180;11;Ноутбук HP EliteBook 2560p;CNU22729TC;10034;2;Хранение исправного;1;Ноутбук;5;Отдел информатизации;НБ_Б106
0000271539;12;Ноутбук HP nc6320;CNU6391SGD;8409;3;Подготовка к выбытию;1;Ноутбук;5;Отдел информатизации;НБ_Б106
0000270713;13;Ноутбук HP ProBook 4520s;2CE03004XZ;9935;2;Хранение исправного;1;Ноутбук;5;Отдел информатизации;НБ_Б105
0000272359;13;Ноутбук HP ProBook 4520s;2CE0350B59;9936;2;Хранение исправного;1;Ноутбук;5;Отдел информатизации;НБ_Б402
0000272542;13;Ноутбук HP ProBook 4520s;2CE0350B5F;9937;2;Хранение исправного;1;Ноутбук;5;Отдел информатизации;НБ_Б106
0000270447;13;Ноутбук HP ProBook 4520s;2CE0350B5N;9938;1;В эксплуатации;1;Ноутбук;11;Экономический отдел;НБ_Б106
0000272021;14;Ноутбук HP ProBook 4535s;нет данных;29066655;2;Хранение исправного;1;Ноутбук;3;Операционный отдел;НБ_В310
0000272190;15;Ноутбук HP6930р;CZC945412X;9799;2;Хранение исправного;1;Ноутбук;5;Отдел информатизации;НБ_Б106
0000272051;15;Ноутбук HP6930р;CZC9454GNW;9794;1;В эксплуатации;1;Ноутбук;3;Операционный отдел;НБ_Б402
0000272423;15;Ноутбук HP6930р;CZC9454GNY;9795;2;Хранение исправного;1;Ноутбук;5;Отдел информатизации;НБ_Б106
0000270383;15;Ноутбук HP6930р;CZC9454GNZ;9796;2;Хранение исправного;1;Ноутбук;5;Отдел информатизации;НБ_Б106
0000271179;15;Ноутбук HP6930р;CZC9462ZW1;9798;2;Хранение исправного;1;Ноутбук;6;Отдел наличного денежного обращения и кассовых операций;НБ_Б106
0000272958;16;Ноутбук RAYbook Si1510;23061095394;91214032732346205;2;Хранение исправного;1;Ноутбук;5;Отдел информатизации;НБ_Б106
0000272943;16;Ноутбук RAYbook Si1510;23091145756;91214032732346190;2;Хранение исправного;1;Ноутбук;5;Отдел информатизации;НБ_Б106
0000271975;17;Ноутбук ThinkPad SL510;LR-PCTZW;29064631;2;Хранение исправного;1;Ноутбук;5;Отдел информатизации;НБ_Б106
0000270392;17;Ноутбук ThinkPad SL510;LR-PCVBL;29064732;2;Хранение исправного;1;Ноутбук;4;Отдел безопасности;НБ_Б417
0000270518;17;Ноутбук ThinkPad SL510;LR-PCWNA;29064733;2;Хранение исправного;1;Ноутбук;5;Отдел информатизации;НБ_Б106
0000271003;17;Ноутбук ThinkPad SL510;нет данных;29064730;2;Хранение исправного;1;Ноутбук;5;Отдел информатизации;НБ_Б106
0000272230;17;Ноутбук ThinkPad SL510;нет данных;29064736;2;Хранение исправного;1;Ноутбук;5;Отдел информатизации;НБ_Б106
0000272250;17;Ноутбук ThinkPad SL510;нет данных;29064734;2;Хранение исправного;1;Ноутбук;5;Отдел информатизации;НБ_Б106
0000270756;18;Ноутбук Toshiba Satellite Pro A300;78146361Q;9667;3;Подготовка к выбытию;1;Ноутбук;5;Отдел информатизации;НБ_Б106
0000271802;18;Ноутбук Toshiba Satellite Pro A300;78146387Q;9668;3;Подготовка к выбытию;1;Ноутбук;5;Отдел информатизации;НБ_Б322
0000272344;18;Ноутбук Toshiba Satellite Pro A300;78147074Q;9671;3;Подготовка к выбытию;1;Ноутбук;5;Отдел информатизации;НБ_Г305
0000272944;19;Ноутбук категории облегченная  рабочая станция RAYbook Si1510;23061094634;91214032732346191;1;В эксплуатации;1;Ноутбук;8;Руководство;НБ_Б106
0000272946;19;Ноутбук категории облегченная  рабочая станция RAYbook Si1510;23061094663;91214032732346193;1;В эксплуатации;1;Ноутбук;5;Отдел информатизации;НБ_Б106
0000272945;19;Ноутбук категории облегченная  рабочая станция RAYbook Si1510;23061094667;91214032732346192;2;Хранение исправного;1;Ноутбук;5;Отдел информатизации;НБ_Б106
0000272952;19;Ноутбук категории облегченная  рабочая станция RAYbook Si1510;23061095093;91214032732346199;1;В эксплуатации;1;Ноутбук;5;Отдел информатизации;НБ_Б320
0000272951;19;Ноутбук категории облегченная  рабочая станция RAYbook Si1510;23061095242;91214032732346198;1;В эксплуатации;1;Ноутбук;5;Отдел информатизации;НБ_Б320
0000272957;19;Ноутбук категории облегченная  рабочая станция RAYbook Si1510;23061095298;91214032732346204;1;В эксплуатации;1;Ноутбук;5;Отдел информатизации;НБ_Б106
0000272953;19;Ноутбук категории облегченная  рабочая станция RAYbook Si1510;23061095373;91214032732346200;1;В эксплуатации;1;Ноутбук;5;Отдел информатизации;НБ_Б106
0000272956;19;Ноутбук категории облегченная  рабочая станция RAYbook Si1510;23061095379;91214032732346203;1;В эксплуатации;1;Ноутбук;5;Отдел информатизации;НБ_Б106
0000272947;19;Ноутбук категории облегченная  рабочая станция RAYbook Si1510;23061095423;91214032732346194;1;В эксплуатации;1;Ноутбук;8;Руководство;НБ_Б106
0000272954;19;Ноутбук категории облегченная  рабочая станция RAYbook Si1510;23061095446;91214032732346201;1;В эксплуатации;1;Ноутбук;8;Руководство;НБ_Б106
0000272955;19;Ноутбук категории облегченная  рабочая станция RAYbook Si1510;23061095488;91214032732346202;1;В эксплуатации;1;Ноутбук;11;Экономический отдел;НБ_Б106
0000272948;19;Ноутбук категории облегченная  рабочая станция RAYbook Si1510;23061095489;91214032732346195;1;В эксплуатации;1;Ноутбук;4;Отдел безопасности;НБ_Б106
0000272950;19;Ноутбук категории облегченная  рабочая станция RAYbook Si1510;23061095509;91214032732346197;1;В эксплуатации;1;Ноутбук;5;Отдел информатизации;НБ_Б106
0000272949;19;Ноутбук категории облегченная  рабочая станция RAYbook Si1510;23061095564;91214032732346196;1;В эксплуатации;1;Ноутбук;7;Отдел управления недвижимостью и эксплуатации;НБ_Б106
0000272288;20;Офисный ПК Kraftway credo KC43;11509926;29071385;1;В эксплуатации;2;Персональный компьютер;4;Отдел безопасности;НБ_Г307
0000272229;20;Офисный ПК Kraftway credo KC43;11509927;29071386;1;В эксплуатации;2;Персональный компьютер;5;Отдел информатизации;НБ_Б324
0000271775;20;Офисный ПК Kraftway credo KC43;11509929;29071387;1;В эксплуатации;2;Персональный компьютер;5;Отдел информатизации;НБ_А215
0000271596;20;Офисный ПК Kraftway credo KC43;11509930;29071388;1;В эксплуатации;2;Персональный компьютер;5;Отдел информатизации;НБ_Б106
0000271398;20;Офисный ПК Kraftway credo KC43;11509931;29071389;1;В эксплуатации;2;Персональный компьютер;5;Отдел информатизации;НБ_Б106
0000270433;20;Офисный ПК Kraftway credo KC43;11510338;29071390;1;В эксплуатации;2;Персональный компьютер;5;Отдел информатизации;НБ_Б106
0000272138;20;Офисный ПК Kraftway credo KC43;11510339;29071391;1;В эксплуатации;2;Персональный компьютер;4;Отдел безопасности;НБ_Б106
0000272515;20;Офисный ПК Kraftway credo KC43;11510340;29071392;2;Хранение исправного;2;Персональный компьютер;5;Отдел информатизации;НБ_Б106
0000270533;20;Офисный ПК Kraftway credo KC43;11510341;29071393;1;В эксплуатации;2;Персональный компьютер;3;Операционный отдел;НБ_Б106
0000272164;20;Офисный ПК Kraftway credo KC43;11510342;29071394;1;В эксплуатации;2;Персональный компьютер;5;Отдел информатизации;НБ_Б106
0000271139;20;Офисный ПК Kraftway credo KC43;11510343;29071395;1;В эксплуатации;2;Персональный компьютер;5;Отдел информатизации;НБ_Б106
0000271434;20;Офисный ПК Kraftway credo KC43;11510344;29071396;1;В эксплуатации;2;Персональный компьютер;5;Отдел информатизации;НБ_Б106
0000270896;20;Офисный ПК Kraftway credo KC43;11510345;29071397;1;В эксплуатации;2;Персональный компьютер;4;Отдел безопасности;НБ_Б106
0000270440;20;Офисный ПК Kraftway credo KC43;11510346;29071398;1;В эксплуатации;2;Персональный компьютер;4;Отдел безопасности;НБ_В108
0000272253;20;Офисный ПК Kraftway credo KC43;11510357;29071399;1;В эксплуатации;2;Персональный компьютер;4;Отдел безопасности;НБ_Б106
0000271185;20;Офисный ПК Kraftway credo KC43;11510358;29071400;1;В эксплуатации;2;Персональный компьютер;1;Cтоловая;НБ_В310
0000271815;20;Офисный ПК Kraftway credo KC43;11510359;29071401;1;В эксплуатации;2;Персональный компьютер;1;Cтоловая;НБ_Б106
0000271431;20;Офисный ПК Kraftway credo KC43;11510360;29071402;2;Хранение исправного;2;Персональный компьютер;5;Отдел информатизации;НБ_Б106
0000272548;20;Офисный ПК Kraftway credo KC43;11510364;29071403;1;В эксплуатации;2;Персональный компьютер;4;Отдел безопасности;НБ_Б106
0000271681;20;Офисный ПК Kraftway credo KC43;11510420;29071404;1;В эксплуатации;2;Персональный компьютер;6;Отдел наличного денежного обращения и кассовых операций;НБ_Б106
0000271168;20;Офисный ПК Kraftway credo KC43;11510421;29071405;1;В эксплуатации;2;Персональный компьютер;3;Операционный отдел;НБ_Б106
0000270660;20;Офисный ПК Kraftway credo KC43;11510422;29071406;1;В эксплуатации;2;Персональный компьютер;3;Операционный отдел;НБ_Б106
0000272658;20;Офисный ПК Kraftway credo KC43;11510423;29071407;1;В эксплуатации;2;Персональный компьютер;4;Отдел безопасности;НБ_Б106
0000271746;20;Офисный ПК Kraftway credo KC43;11510425;29071408;1;В эксплуатации;2;Персональный компьютер;5;Отдел информатизации;НБ_А218
0000272130;20;Офисный ПК Kraftway credo KC43;11510429;29071409;1;В эксплуатации;2;Персональный компьютер;5;Отдел информатизации;НБ_Б106
0000271497;20;Офисный ПК Kraftway credo KC43;11510560;29071410;1;В эксплуатации;2;Персональный компьютер;5;Отдел информатизации;НБ_Б106
0000272531;20;Офисный ПК Kraftway credo KC43;11510564;29071411;1;В эксплуатации;2;Персональный компьютер;4;Отдел безопасности;НБ_Б106
0000270458;20;Офисный ПК Kraftway credo KC43;11510565;29071412;1;В эксплуатации;2;Персональный компьютер;5;Отдел информатизации;НБ_Б106
0000272241;20;Офисный ПК Kraftway credo KC43;11510567;29071413;1;В эксплуатации;2;Персональный компьютер;3;Операционный отдел;НБ_Б321
0000272565;20;Офисный ПК Kraftway credo KC43;11514191;29071414;1;В эксплуатации;2;Персональный компьютер;1;Cтоловая;НБ_Б106
0000270429;20;Офисный ПК Kraftway credo KC43;11514192;29071415;1;В эксплуатации;2;Персональный компьютер;4;Отдел безопасности;НБ_Б106
0000272596;20;Офисный ПК Kraftway credo KC43;11514193;29071416;1;В эксплуатации;2;Персональный компьютер;6;Отдел наличного денежного обращения и кассовых операций;НБ_Б106
0000271836;20;Офисный ПК Kraftway credo KC43;11514194;29071417;1;В эксплуатации;2;Персональный компьютер;4;Отдел безопасности;НБ_Б106
0000272307;20;Офисный ПК Kraftway credo KC43;11514195;29071418;1;В эксплуатации;2;Персональный компьютер;3;Операционный отдел;НБ_Б106
0000271505;20;Офисный ПК Kraftway credo KC43;11514196;29071419;1;В эксплуатации;2;Персональный компьютер;4;Отдел безопасности;НБ_В217
0000272443;20;Офисный ПК Kraftway credo KC43;11514198;29071420;2;Хранение исправного;2;Персональный компьютер;5;Отдел информатизации;НБ_Б206
0000270574;20;Офисный ПК Kraftway credo KC43;11514200;29071421;1;В эксплуатации;2;Персональный компьютер;4;Отдел безопасности;НБ_А103
0000272571;20;Офисный ПК Kraftway credo KC43;11514201;29071422;1;В эксплуатации;2;Персональный компьютер;4;Отдел безопасности;НБ_Б106
0000272444;20;Офисный ПК Kraftway credo KC43;11514202;29071423;1;В эксплуатации;2;Персональный компьютер;4;Отдел безопасности;НБ_В317
0000272373;20;Офисный ПК Kraftway credo KC43;11514203;29071424;1;В эксплуатации;2;Персональный компьютер;5;Отдел информатизации;НБ_Б106
0000271673;21;Офисный ПК Стандарт HP 800 G3 SFF.;CZC928B8GP;8596110198079590;1;В эксплуатации;2;Персональный компьютер;5;Отдел информатизации;НБ_Б106
0000272631;21;Офисный ПК Стандарт HP 800 G3 SFF.;CZC928B8GT;8596110198079587;1;В эксплуатации;2;Персональный компьютер;4;Отдел безопасности;НБ_Б402
0000270913;21;Офисный ПК Стандарт HP 800 G3 SFF.;CZC928B8H8;8596110198079585;2;Хранение исправного;2;Персональный компьютер;5;Отдел информатизации;НБ_Б402
0000272141;21;Офисный ПК Стандарт HP 800 G3 SFF.;CZC928B8HR;8596110198079589;1;В эксплуатации;2;Персональный компьютер;4;Отдел безопасности;НБ_Б402
0000271322;21;Офисный ПК Стандарт HP 800 G3 SFF.;CZC928B941;8596110198079588;1;В эксплуатации;2;Персональный компьютер;5;Отдел информатизации;НБ_Б206
0000271088;21;Офисный ПК Стандарт HP 800 G3 SFF.;CZC928B943;8596110198079584;2;Хранение исправного;2;Персональный компьютер;5;Отдел информатизации;НБ_Б206
0000272497;21;Офисный ПК Стандарт HP 800 G3 SFF.;CZC928B946;8596110198079586;1;В эксплуатации;2;Персональный компьютер;5;Отдел информатизации;НБ_Б412
0000270517;21;Офисный ПК Стандарт HP 800 G3 SFF.;CZC928B948;8596110198079582;1;В эксплуатации;2;Персональный компьютер;4;Отдел безопасности;НБ_Б412
0000272191;21;Офисный ПК Стандарт HP 800 G3 SFF.;CZC928B94B;8596110198079583;1;В эксплуатации;2;Персональный компьютер;5;Отдел информатизации;НБ_Б206
0000272634;21;Офисный ПК Стандарт HP 800 G3 SFF.;CZC928B9BG;8596110198079591;1;В эксплуатации;2;Персональный компьютер;8;Руководство;НБ_Б206
0000271536;22;Офисный пк стандарт IRBIS H80SFF;CZC7447833;6110237961;1;В эксплуатации;2;Персональный компьютер;10;Сектор по работе с персоналом;НБ_Б206
0000271619;22;Офисный пк стандарт IRBIS H80SFF;CZC744786B;6110237958;2;Хранение исправного;2;Персональный компьютер;5;Отдел информатизации;НБ_Б206
0000272270;22;Офисный пк стандарт IRBIS H80SFF;CZC744788Q;6110237945;2;Хранение исправного;2;Персональный компьютер;5;Отдел информатизации;НБ_Б206
0000272496;22;Офисный пк стандарт IRBIS H80SFF;CZC74478DP;6110237946;1;В эксплуатации;2;Персональный компьютер;4;Отдел безопасности;НБ_Б206
0000271959;22;Офисный пк стандарт IRBIS H80SFF;CZC74478FK;6110237951;1;В эксплуатации;2;Персональный компьютер;8;Руководство;НБ_Б206
0000272632;22;Офисный пк стандарт IRBIS H80SFF;CZC74478FT;6110237949;1;В эксплуатации;2;Персональный компьютер;4;Отдел безопасности;НБ_Б206
0000271452;22;Офисный пк стандарт IRBIS H80SFF;CZC74478G4;6110237962;2;Хранение исправного;2;Персональный компьютер;5;Отдел информатизации;НБ_Б206
0000272377;22;Офисный пк стандарт IRBIS H80SFF;CZC74478LT;6110237956;2;Хранение исправного;2;Персональный компьютер;5;Отдел информатизации;НБ_Б206
0000270629;22;Офисный пк стандарт IRBIS H80SFF;CZC74478M4;6110237950;1;В эксплуатации;2;Персональный компьютер;2;Административный отдел;НБ_Б206
0000272360;22;Офисный пк стандарт IRBIS H80SFF;CZC74478PB;6110237963;1;В эксплуатации;2;Персональный компьютер;5;Отдел информатизации;НБ_Б412
0000270861;22;Офисный пк стандарт IRBIS H80SFF;CZC74478SM;6110237959;1;В эксплуатации;2;Персональный компьютер;4;Отдел безопасности;НБ_Б206
0000272583;22;Офисный пк стандарт IRBIS H80SFF;CZC74478SX;6110237952;2;Хранение исправного;2;Персональный компьютер;5;Отдел информатизации;НБ_Б206
0000272002;22;Офисный пк стандарт IRBIS H80SFF;CZC74478T2;6110237955;1;В эксплуатации;2;Персональный компьютер;7;Отдел управления недвижимостью и эксплуатации;НБ_Б206
0000270540;22;Офисный пк стандарт IRBIS H80SFF;CZC74478TD;6110237948;1;В эксплуатации;2;Персональный компьютер;5;Отдел информатизации;НБ_Б206
0000271355;22;Офисный пк стандарт IRBIS H80SFF;CZC74478VG;6110237957;1;В эксплуатации;2;Персональный компьютер;4;Отдел безопасности;НБ_Б206
0000272217;22;Офисный пк стандарт IRBIS H80SFF;CZC74478X8;6110237953;1;В эксплуатации;2;Персональный компьютер;5;Отдел информатизации;НБ_Б206
0000270360;22;Офисный пк стандарт IRBIS H80SFF;CZC74478Y0;6110237954;2;Хранение исправного;2;Персональный компьютер;5;Отдел информатизации;НБ_Б206
0000272668;22;Офисный пк стандарт IRBIS H80SFF;CZC74478YK;6110237944;2;Хранение исправного;2;Персональный компьютер;11;Экономический отдел;НБ_Б206
0000272382;22;Офисный пк стандарт IRBIS H80SFF;CZC74478ZQ;6110237960;1;В эксплуатации;2;Персональный компьютер;5;Отдел информатизации;НБ_Б206
0000270894;22;Офисный пк стандарт IRBIS H80SFF;CZC7447900;6110237947;1;В эксплуатации;2;Персональный компьютер;11;Экономический отдел;НБ_Б206
0000272640;23;Офисный ПК Стандарт Lan-РС 1;EL1060143;8596110198098493;1;В эксплуатации;2;Персональный компьютер;5;Отдел информатизации;НБ_Б206
0000272641;23;Офисный ПК Стандарт Lan-РС 1;EL1060153;8596110198098494;1;В эксплуатации;2;Персональный компьютер;11;Экономический отдел;НБ_Б206
0000272642;23;Офисный ПК Стандарт Lan-РС 1;EL1060301;8596110198098495;1;В эксплуатации;2;Персональный компьютер;4;Отдел безопасности;НБ_Б206
0000272643;23;Офисный ПК Стандарт Lan-РС 1;EL1060302;8596110198098496;1;В эксплуатации;2;Персональный компьютер;2;Административный отдел;НБ_Б206
0000272644;23;Офисный ПК Стандарт Lan-РС 1;EL1060312;8596110198098497;1;В эксплуатации;2;Персональный компьютер;5;Отдел информатизации;НБ_Б206
0000272645;23;Офисный ПК Стандарт Lan-РС 1;EL1060341;8596110198098498;1;В эксплуатации;2;Персональный компьютер;5;Отдел информатизации;НБ_Б206
0000272646;23;Офисный ПК Стандарт Lan-РС 1;EL1060344;8596110198098499;1;В эксплуатации;2;Персональный компьютер;4;Отдел безопасности;НБ_Б206
0000272647;23;Офисный ПК Стандарт Lan-РС 1;EL1060347;8596110198098500;1;В эксплуатации;2;Персональный компьютер;7;Отдел управления недвижимостью и эксплуатации;НБ_Б206
0000272648;23;Офисный ПК Стандарт Lan-РС 1;EL1060349;8596110198098501;1;В эксплуатации;2;Персональный компьютер;6;Отдел наличного денежного обращения и кассовых операций;НБ_Б206
0000272649;23;Офисный ПК Стандарт Lan-РС 1;EL1060356;8596110198098502;1;В эксплуатации;2;Персональный компьютер;6;Отдел наличного денежного обращения и кассовых операций;НБ_Б206
0000272706;23;Офисный ПК Стандарт Lan-РС 1;EL1060357;8596110198098503;1;В эксплуатации;2;Персональный компьютер;8;Руководство;НБ_Б206
0000272650;23;Офисный ПК Стандарт Lan-РС 1;EL1060359;8596110198098504;1;В эксплуатации;2;Персональный компьютер;5;Отдел информатизации;НБ_Б206
0000272651;23;Офисный ПК Стандарт Lan-РС 1;EL1060363;8596110198098505;1;В эксплуатации;2;Персональный компьютер;10;Сектор по работе с персоналом;НБ_Б206
0000272652;23;Офисный ПК Стандарт Lan-РС 1;EL1060392;8596110198098506;1;В эксплуатации;2;Персональный компьютер;12;Юридический отдел;НБ_Б201
0000272653;23;Офисный ПК Стандарт Lan-РС 1;EL1060396;8596110198098507;1;В эксплуатации;2;Персональный компьютер;6;Отдел наличного денежного обращения и кассовых операций;НБ_Б206
0000272654;23;Офисный ПК Стандарт Lan-РС 1;EL1060398;8596110198098508;1;В эксплуатации;2;Персональный компьютер;2;Административный отдел;НБ_Б206
0000272705;23;Офисный ПК Стандарт Lan-РС 1;EL1060653;8596110198098509;1;В эксплуатации;2;Персональный компьютер;4;Отдел безопасности;НБ_Б206
0000272655;23;Офисный ПК Стандарт Lan-РС 1;EL1060670;8596110198098510;1;В эксплуатации;2;Персональный компьютер;12;Юридический отдел;НБ_Б206
0000272656;23;Офисный ПК Стандарт Lan-РС 1;EL1060671;8596110198098511;1;В эксплуатации;2;Персональный компьютер;4;Отдел безопасности;НБ_Б206
0000272657;23;Офисный ПК Стандарт Lan-РС 1;EL1060673;8596110198098512;1;В эксплуатации;2;Персональный компьютер;7;Отдел управления недвижимостью и эксплуатации;НБ_Б206
0000272890;24;Персональный компьютер Aquarius Std S20 K23;2200928076906-0039;9121403273224189;1;В эксплуатации;2;Персональный компьютер;4;Отдел безопасности;НБ_Б206
0000272892;24;Персональный компьютер Aquarius Std S20 K23;2201120076907-0082;9121403273224192;1;В эксплуатации;2;Персональный компьютер;4;Отдел безопасности;НБ_Б412
0000272910;24;Персональный компьютер Aquarius Std S20 K23;2201120076907-0119;9121403273224191;1;В эксплуатации;2;Персональный компьютер;4;Отдел безопасности;НБ_Б206
0000272891;24;Персональный компьютер Aquarius Std S20 K23;2201120076907-0135;9121403273224190;1;В эксплуатации;2;Персональный компьютер;4;Отдел безопасности;НБ_Б206
0000272893;24;Персональный компьютер Aquarius Std S20 K23;2201120076907-0179;9121403273224193;1;В эксплуатации;2;Персональный компьютер;4;Отдел безопасности;НБ_Б206
0000271060;25;Персональный компьютер HP Compag 6300 Pro MT;CZC2435852;29068641;3;Подготовка к выбытию;2;Персональный компьютер;5;Отдел информатизации;НБ_Б206
0000271518;25;Персональный компьютер HP Compag 6300 Pro MT;CZC24363TD;29068644;3;Подготовка к выбытию;2;Персональный компьютер;5;Отдел информатизации;НБ_Б206
0000272487;25;Персональный компьютер HP Compag 6300 Pro MT;CZC24363TH;29068646;3;Подготовка к выбытию;2;Персональный компьютер;5;Отдел информатизации;НБ_Б106
0000272289;25;Персональный компьютер HP Compag 6300 Pro MT;CZC243B0YB;29068648;3;Подготовка к выбытию;2;Персональный компьютер;5;Отдел информатизации;НБ_Б206
0000271468;25;Персональный компьютер HP Compag 6300 Pro MT;CZC243B247;29068651;3;Подготовка к выбытию;2;Персональный компьютер;5;Отдел информатизации;НБ_Б206
0000272510;25;Персональный компьютер HP Compag 6300 Pro MT;CZC243B251;29068656;3;Подготовка к выбытию;2;Персональный компьютер;5;Отдел информатизации;НБ_Б206
0000271093;25;Персональный компьютер HP Compag 6300 Pro MT;CZC243C503;29068658;3;Подготовка к выбытию;2;Персональный компьютер;5;Отдел информатизации;НБ_Б206
0000272597;25;Персональный компьютер HP Compag 6300 Pro MT;CZC243CMD8;29068659;3;Подготовка к выбытию;2;Персональный компьютер;5;Отдел информатизации;НБ_Б206
0000272399;25;Персональный компьютер HP Compag 6300 Pro MT;CZC2444DSK;29068661;3;Подготовка к выбытию;2;Персональный компьютер;5;Отдел информатизации;НБ_Б206
0000270524;25;Персональный компьютер HP Compag 6300 Pro MT;RUA31606ZZ;29069300;1;В эксплуатации;2;Персональный компьютер;4;Отдел безопасности;НБ_Б206
00000095569;25;Персональный компьютер HP Compag 6300 Pro MT;RUA334015P;У44305/1;2;Хранение исправного;2;Персональный компьютер;3;Операционный отдел;НБ_Б206
0000271880;25;Персональный компьютер HP Compag 6300 Pro MT;RUA338058S;29070497;1;В эксплуатации;2;Персональный компьютер;7;Отдел управления недвижимостью и эксплуатации;НБ_Б206
0000272405;25;Персональный компьютер HP Compag 6300 Pro MT;RUA34702H3;29070628;1;В эксплуатации;2;Персональный компьютер;4;Отдел безопасности;НБ_Б206
0000272433;25;Персональный компьютер HP Compag 6300 Pro MT;RUA34702KK;29070631;2;Хранение исправного;2;Персональный компьютер;5;Отдел информатизации;НБ_Б206
0000272393;25;Персональный компьютер HP Compag 6300 Pro MT;RUA34702LS;29070630;1;В эксплуатации;2;Персональный компьютер;4;Отдел безопасности;НБ_Б206
0000272187;25;Персональный компьютер HP Compag 6300 Pro MT;RUA34702R4;29070629;1;В эксплуатации;2;Персональный компьютер;4;Отдел безопасности;НБ_Б206
0000270345;25;Персональный компьютер HP Compag 6300 Pro MT;нет данных;29068627;3;Подготовка к выбытию;2;Персональный компьютер;5;Отдел информатизации;НБ_Б206
0000270376;25;Персональный компьютер HP Compag 6300 Pro MT;нет данных;29068649;3;Подготовка к выбытию;2;Персональный компьютер;5;Отдел информатизации;НБ_Б206
0000270562;25;Персональный компьютер HP Compag 6300 Pro MT;нет данных;29068657;3;Подготовка к выбытию;2;Персональный компьютер;5;Отдел информатизации;НБ_Б206
0000270753;25;Персональный компьютер HP Compag 6300 Pro MT;нет данных;29068642;3;Подготовка к выбытию;2;Персональный компьютер;5;Отдел информатизации;НБ_Б206
0000271125;25;Персональный компьютер HP Compag 6300 Pro MT;нет данных;29068660;3;Подготовка к выбытию;2;Персональный компьютер;5;Отдел информатизации;НБ_Б206
0000271624;25;Персональный компьютер HP Compag 6300 Pro MT;нет данных;29068628;1;В эксплуатации;2;Персональный компьютер;3;Операционный отдел;НБ_Б206
0000272064;25;Персональный компьютер HP Compag 6300 Pro MT;нет данных;29068655;3;Подготовка к выбытию;2;Персональный компьютер;5;Отдел информатизации;НБ_Б206
0000272069;25;Персональный компьютер HP Compag 6300 Pro MT;нет данных;29068654;3;Подготовка к выбытию;2;Персональный компьютер;5;Отдел информатизации;НБ_Б206
0000272243;25;Персональный компьютер HP Compag 6300 Pro MT;нет данных;29068643;3;Подготовка к выбытию;2;Персональный компьютер;5;Отдел информатизации;НБ_Б206
0000272256;25;Персональный компьютер HP Compag 6300 Pro MT;нет данных;29068645;3;Подготовка к выбытию;2;Персональный компьютер;5;Отдел информатизации;НБ_Б206
0000272298;25;Персональный компьютер HP Compag 6300 Pro MT;нет данных;29068647;3;Подготовка к выбытию;2;Персональный компьютер;5;Отдел информатизации;НБ_Б206
0000272494;25;Персональный компьютер HP Compag 6300 Pro MT;нет данных;29068653;3;Подготовка к выбытию;2;Персональный компьютер;5;Отдел информатизации;НБ_Б206
0000272514;25;Персональный компьютер HP Compag 6300 Pro MT;нет данных;29068650;3;Подготовка к выбытию;2;Персональный компьютер;5;Отдел информатизации;НБ_Б206
0000272525;25;Персональный компьютер HP Compag 6300 Pro MT;нет данных;29068662;3;Подготовка к выбытию;2;Персональный компьютер;5;Отдел информатизации;НБ_Б206
0000272566;25;Персональный компьютер HP Compag 6300 Pro MT;нет данных;29068652;3;Подготовка к выбытию;2;Персональный компьютер;5;Отдел информатизации;НБ_Б206
0000272586;25;Персональный компьютер HP Compag 6300 Pro MT;нет данных;29068626;1;В эксплуатации;2;Персональный компьютер;5;Отдел информатизации;НБ_Б206
0000272577;25;Персональный компьютер HP Compag 6300 Pro MT;нет данных;29070006;2;Хранение исправного;2;Персональный компьютер;5;Отдел информатизации;НБ_Б206
0000270473;25;Персональный компьютер HP Compag 6300 Pro MT;нет данных;29069298;3;Подготовка к выбытию;2;Персональный компьютер;5;Отдел информатизации;НБ_Б206
0000271098;25;Персональный компьютер HP Compag 6300 Pro MT;нет данных;29069299;3;Подготовка к выбытию;2;Персональный компьютер;5;Отдел информатизации;НБ_Б206
0000270519;25;Персональный компьютер HP Compag 6300 Pro MT;нет данных;29070627;2;Хранение исправного;2;Персональный компьютер;5;Отдел информатизации;НБ_Б206
0000272592;25;Персональный компьютер HP Compag 6300 Pro MT;нет данных;29070632;2;Хранение исправного;2;Персональный компьютер;5;Отдел информатизации;НБ_Б206
00000113101;25;Персональный компьютер HP Compag 6300 Pro MT;;18329/4;1;В эксплуатации;2;Персональный компьютер;4;Отдел безопасности;НБ_Б206
0000270692;26;Персональный компьютер HP Compag 8300 Elite;нет данных;29068630;3;Подготовка к выбытию;2;Персональный компьютер;4;Отдел безопасности;НБ_Б206
0000270972;26;Персональный компьютер HP Compag 8300 Elite;нет данных;29068629;3;Подготовка к выбытию;2;Персональный компьютер;5;Отдел информатизации;НБ_Б206
0000270380;27;Персональный компьютер HP Compaq 8000;RUA0454D0X;9994;3;Подготовка к выбытию;2;Персональный компьютер;5;Отдел информатизации;НБ_Б206
0000272292;27;Персональный компьютер HP Compaq 8000;RUA0464DWW;9953;3;Подготовка к выбытию;2;Персональный компьютер;5;Отдел информатизации;НБ_Б206
0000270403;27;Персональный компьютер HP Compaq 8000;RUA0464DWY;9954;3;Подготовка к выбытию;2;Персональный компьютер;5;Отдел информатизации;НБ_Б206
0000272467;27;Персональный компьютер HP Compaq 8000;RUA0464DY5;9955;3;Подготовка к выбытию;2;Персональный компьютер;5;Отдел информатизации;НБ_Б206
0000272196;27;Персональный компьютер HP Compaq 8000;RUA0464DYM;9956;3;Подготовка к выбытию;2;Персональный компьютер;5;Отдел информатизации;НБ_Б206
0000270368;27;Персональный компьютер HP Compaq 8000;RUA0474МЗК;9991;3;Подготовка к выбытию;2;Персональный компьютер;5;Отдел информатизации;НБ_Б412
0000270431;28;Персональный компьютер HP Compaq 8200 Elite CMT;RUA13402F5;1015;2;Хранение исправного;2;Персональный компьютер;5;Отдел информатизации;НБ_Б106
0000270946;28;Персональный компьютер HP Compaq 8200 Elite CMT;RUA13402G9;1016;2;Хранение исправного;2;Персональный компьютер;5;Отдел информатизации;НБ_Б106
0000271817;28;Персональный компьютер HP Compaq 8200 Elite CMT;RUA13402KY;1017;2;Хранение исправного;2;Персональный компьютер;5;Отдел информатизации;НБ_Б206
0000271859;28;Персональный компьютер HP Compaq 8200 Elite CMT;RUA13402L2;1018;2;Хранение исправного;2;Персональный компьютер;5;Отдел информатизации;НБ_Б412
0000272080;28;Персональный компьютер HP Compaq 8200 Elite CMT;RUA13402L4;1019;2;Хранение исправного;2;Персональный компьютер;5;Отдел информатизации;НБ_Б412
0000271150;28;Персональный компьютер HP Compaq 8200 Elite CMT;RUA13402L8;1020;2;Хранение исправного;2;Персональный компьютер;5;Отдел информатизации;НБ_Б206
0000272277;28;Персональный компьютер HP Compaq 8200 Elite CMT;RUA13402LF;1021;2;Хранение исправного;2;Персональный компьютер;5;Отдел информатизации;НБ_Б206
0000272449;28;Персональный компьютер HP Compaq 8200 Elite CMT;RUA13402LK;1023;2;Хранение исправного;2;Персональный компьютер;5;Отдел информатизации;
0000272453;28;Персональный компьютер HP Compaq 8200 Elite CMT;RUA13402LM;1024;2;Хранение исправного;2;Персональный компьютер;5;Отдел информатизации;НБ_Б106
0000270467;28;Персональный компьютер HP Compaq 8200 Elite CMT;RUA13402LP;1025;2;Хранение исправного;2;Персональный компьютер;5;Отдел информатизации;НБ_Б406
0000272585;28;Персональный компьютер HP Compaq 8200 Elite CMT;RUA13402LS;1026;1;В эксплуатации;2;Персональный компьютер;5;Отдел информатизации;НБ_Б106
0000271925;28;Персональный компьютер HP Compaq 8200 Elite CMT;RUA13402MD;1027;2;Хранение исправного;2;Персональный компьютер;5;Отдел информатизации;НБ_В319
0000270539;28;Персональный компьютер HP Compaq 8200 Elite CMT;RUA13402MW;1028;1;В эксплуатации;2;Персональный компьютер;7;Отдел управления недвижимостью и эксплуатации;НБ_Б106
0000272402;28;Персональный компьютер HP Compaq 8200 Elite CMT;RUA13402N6;1029;1;В эксплуатации;2;Персональный компьютер;7;Отдел управления недвижимостью и эксплуатации;НБ_Б106
0000272432;29;Персональный компьютер HP dc5800;CZC82931N3;9564;2;Хранение исправного;2;Персональный компьютер;5;Отдел информатизации;НБ_Б106
0000272273;29;Персональный компьютер HP dc5800;CZC82931N6;9567;2;Хранение исправного;2;Персональный компьютер;5;Отдел информатизации;НБ_Б106
0000272207;29;Персональный компьютер HP dc5800;CZC8334TZW;9599;2;Хранение исправного;2;Персональный компьютер;5;Отдел информатизации;НБ_Б106
0000272304;29;Персональный компьютер HP dc5800;CZC8334V0R;9610;2;Хранение исправного;2;Персональный компьютер;4;Отдел безопасности;НБ_Б106
0000270998;29;Персональный компьютер HP dc5800;CZC8334V1X;9634;2;Хранение исправного;2;Персональный компьютер;5;Отдел информатизации;НБ_Б406
0000272315;29;Персональный компьютер HP dc5800;CZC8355S6S/3CQ82810T6;10199;2;Хранение исправного;2;Персональный компьютер;5;Отдел информатизации;НБ_Б106
0000271014;29;Персональный компьютер HP dc5800;CZC8355S6V/3CQ82810JC;10196;2;Хранение исправного;2;Персональный компьютер;5;Отдел информатизации;НБ_Б106
0000271767;30;Рабочая станция HP dc7600CMT;CZC6452F8B;8503;3;Подготовка к выбытию;2;Персональный компьютер;5;Отдел информатизации;НБ_Б402
0000271651;31;Рабочая станция HP dc7800;CZC8333P9H;9513;2;Хранение исправного;2;Персональный компьютер;5;Отдел информатизации;НБ_Б402
0000270434;31;Рабочая станция HP dc7800;CZC8333P9Q;9514;3;Подготовка к выбытию;2;Персональный компьютер;5;Отдел информатизации;НБ_Б402
0000270364;32;Сервер  HP ProLiant DL380G5;CZC8300QLQ;9511;2;Хранение исправного;3;Физический сервер;5;Отдел информатизации;НБ_Б206
0000270398;32;Сервер  HP ProLiant DL380G5;CZC83428X4;9510;2;Хранение исправного;3;Физический сервер;5;Отдел информатизации;НБ_Б206
0000270936;33;Сервер Cisco UCS C240 M5 24 SFF;WZP2224101R;604010195444;1;В эксплуатации;3;Физический сервер;5;Отдел информатизации;НБ_Б412
0000270413;33;Сервер Cisco UCS C240 M5 24 SFF;WZP2224101W;604010195443;1;В эксплуатации;3;Физический сервер;5;Отдел информатизации;НБ_Б412
0000272265;34;Сервер DL360 G6;CZJ031033W;9974;2;Хранение исправного;3;Физический сервер;5;Отдел информатизации;НБ_Б206
0000272612;34;Сервер DL360 G6;CZJ031038B;9973;2;Хранение исправного;3;Физический сервер;5;Отдел информатизации;НБ_Б206
0000271299;34;Сервер DL360 G6;CZJ0340FHP;9939;1;В эксплуатации;3;Физический сервер;5;Отдел информатизации;НБ_Б206
0000270969;34;Сервер DL360 G6;CZJ0340FML;9940;2;Хранение исправного;3;Физический сервер;5;Отдел информатизации;НБ_Б206
0000272326;34;Сервер DL360 G6;CZJ0440DGH;9990;2;Хранение исправного;3;Физический сервер;5;Отдел информатизации;НБ_Б206
0000270439;34;Сервер DL360 G6;CZJ944027W;9801;2;Хранение исправного;3;Физический сервер;5;Отдел информатизации;НБ_Б206
0000270649;34;Сервер DL360 G6;CZJ944028X;9802;1;В эксплуатации;3;Физический сервер;5;Отдел информатизации;НБ_Б206
0000270422;34;Сервер DL360 G6;CZJ94402A8;9803;1;В эксплуатации;3;Физический сервер;5;Отдел информатизации;НБ_Б206
0000272299;34;Сервер DL360 G6;CZJ94402B6;9804;2;Хранение исправного;3;Физический сервер;5;Отдел информатизации;НБ_Б206
0000270611;34;Сервер DL360 G6;CZJ945050S;9805;1;В эксплуатации;3;Физический сервер;5;Отдел информатизации;НБ_Б206
0000272670;34;Сервер DL360 G6;CZJ94505UY;9875.2;1;В эксплуатации;3;Физический сервер;5;Отдел информатизации;НБ_Б206
0000272186;34;Сервер DL360 G6;CZJ94505Y4;9813;2;Хранение исправного;3;Физический сервер;5;Отдел информатизации;НБ_Б412
0000272460;34;Сервер DL360 G6;CZJ94505Y6;9806;1;В эксплуатации;3;Физический сервер;5;Отдел информатизации;НБ_Б206
0000272391;34;Сервер DL360 G6;CZJ94505YF;9807;1;В эксплуатации;3;Физический сервер;5;Отдел информатизации;НБ_Б206
0000270715;34;Сервер DL360 G6;CZJ94505YS;9814;2;Хранение исправного;3;Физический сервер;5;Отдел информатизации;НБ_Б206
0000272428;34;Сервер DL360 G6;CZJ94505Z8;9808;1;В эксплуатации;3;Физический сервер;5;Отдел информатизации;НБ_Б206
0000270432;34;Сервер DL360 G6;CZJ94505ZY;9809;2;Хранение исправного;3;Физический сервер;5;Отдел информатизации;НБ_Б206
0000272473;34;Сервер DL360 G6;CZJ945060H;9810;1;В эксплуатации;3;Физический сервер;5;Отдел информатизации;НБ_Б206
0000271865;34;Сервер DL360 G6;CZJ945093O;9811;1;В эксплуатации;3;Физический сервер;5;Отдел информатизации;НБ_Б206
0000272581;34;Сервер DL360 G6;CZJ945093T;9812;2;Хранение исправного;3;Физический сервер;5;Отдел информатизации;НБ_Б206
0000272669;34;Сервер DL360 G6;CZJ945099U;9875.1;1;В эксплуатации;3;Физический сервер;5;Отдел информатизации;НБ_Б206
0000271828;34;Сервер DL360 G6;CZJ94604AW;9815;1;В эксплуатации;3;Физический сервер;5;Отдел информатизации;НБ_Б206
0000270854;34;Сервер DL360 G6;CZJ94606A8;9816;2;Хранение исправного;3;Физический сервер;5;Отдел информатизации;НБ_Б206
0000272667;35;Сервер HP BL460c G6;CZJ0410NY4;9992.1;1;В эксплуатации;3;Физический сервер;5;Отдел информатизации;НБ_Б206
0000272660;35;Сервер HP BL460c G6;CZJ0410Q89;9992.2;1;В эксплуатации;3;Физический сервер;5;Отдел информатизации;НБ_Б206
0000272661;35;Сервер HP BL460c G6;CZJ0440F6N;9992.3;1;В эксплуатации;3;Физический сервер;5;Отдел информатизации;НБ_Б206
0000272662;36;Сервер HP BL460c G7;CZJ2230BRV;9992.4;1;В эксплуатации;3;Физический сервер;5;Отдел информатизации;НБ_Б206
0000272665;37;Сервер HP BL460c Gen8;CZJ445068D;10183.2;1;В эксплуатации;3;Физический сервер;5;Отдел информатизации;НБ_Б206
0000272666;37;Сервер HP BL460c Gen8;CZJ445068P;10183.3;1;В эксплуатации;3;Физический сервер;5;Отдел информатизации;НБ_Б206
0000272267;38;Сервер HP DL320G5р;CZ183901J1;9673;2;Хранение исправного;3;Физический сервер;5;Отдел информатизации;НБ_Б206
0000272260;39;Сервер HP DL360 Gen9;CZJ54906RH;10219;1;В эксплуатации;3;Физический сервер;5;Отдел информатизации;НБ_Б206
0000270811;39;Сервер HP DL360 Gen9;CZJ54906RY;10220;1;В эксплуатации;3;Физический сервер;5;Отдел информатизации;НБ_Б206
0000270877;39;Сервер HP DL360 Gen9;CZJ54906S6;10222;1;В эксплуатации;3;Физический сервер;5;Отдел информатизации;НБ_Б206
0000272128;39;Сервер HP DL360 Gen9;CZJ63112K9;9800924;1;В эксплуатации;3;Физический сервер;5;Отдел информатизации;НБ_Б206
0000272400;39;Сервер HP DL360 Gen9;CZJ63112KK;9800926;1;В эксплуатации;3;Физический сервер;5;Отдел информатизации;НБ_Б206
0000270596;39;Сервер HP DL360 Gen9;CZJ63112KL;9800927;1;В эксплуатации;3;Физический сервер;5;Отдел информатизации;НБ_Б201
0000271153;39;Сервер HP DL360 Gen9;CZJ63112LW;9800920;1;В эксплуатации;3;Физический сервер;5;Отдел информатизации;НБ_Б206
0000272284;39;Сервер HP DL360 Gen9;CZJ7301BKR;9801287;1;В эксплуатации;3;Физический сервер;5;Отдел информатизации;НБ_Б206
0000271655;39;Сервер HP DL360 Gen9;CZJ7301BL3;9801285;1;В эксплуатации;3;Физический сервер;5;Отдел информатизации;НБ_Б206
0000271339;39;Сервер HP DL360 Gen9;CZJ7301BLX;9801286;1;В эксплуатации;3;Физический сервер;5;Отдел информатизации;НБ_Б206
0000270363;40;Сервер HP DL360e Gen8;CZJ408009P;10134;1;В эксплуатации;3;Физический сервер;5;Отдел информатизации;НБ_Б206
0000270359;40;Сервер HP DL360e Gen8;CZJ41103QF;10133;1;В эксплуатации;3;Физический сервер;5;Отдел информатизации;НБ_Б206
0000271030;40;Сервер HP DL360e Gen8;CZJ44102N6;10144;2;Хранение исправного;3;Физический сервер;5;Отдел информатизации;НБ_Б201
0000271327;41;Сервер HP DL360G5;CZJ840A5SD;9655;2;Хранение исправного;3;Физический сервер;5;Отдел информатизации;НБ_Б206
0000272396;41;Сервер HP DL360G5;CZJ840A5SJ;9657;2;Хранение исправного;3;Физический сервер;5;Отдел информатизации;НБ_Б206
0000272324;41;Сервер HP DL360G5;CZJ840A5SK;9658;2;Хранение исправного;3;Физический сервер;5;Отдел информатизации;НБ_Б206
0000272499;41;Сервер HP DL360G5;CZL840A5SB;9654;2;Хранение исправного;3;Физический сервер;5;Отдел информатизации;НБ_Б206
0000271495;42;Сервер HP DL380 G7;CZ2047JDYN;1014;1;В эксплуатации;3;Физический сервер;5;Отдел информатизации;НБ_Б206
0000271683;42;Сервер HP DL380 G7;CZ223818HL;10076;2;Хранение исправного;3;Физический сервер;5;Отдел информатизации;НБ_Б206
0000270356;42;Сервер HP DL380 G7;CZ223818HN;10075;2;Хранение исправного;3;Физический сервер;5;Отдел информатизации;НБ_Б206
0000272287;43;Сервер HP ML350T06;нет данных;9755;2;Хранение исправного;3;Физический сервер;5;Отдел информатизации;НБ_Б412
0000272572;44;Сервер HP ProLiant  DL360e Gen8;CZJ30303V7;10113;1;В эксплуатации;3;Физический сервер;5;Отдел информатизации;НБ_Б206
0000270423;44;Сервер HP ProLiant  DL360e Gen8;CZJ30303X3;10112;1;В эксплуатации;3;Физический сервер;5;Отдел информатизации;НБ_Б206
0000271752;45;Сервер HP ProLiant DL360;CZJ64505NE;8500;2;Хранение исправного;3;Физический сервер;5;Отдел информатизации;НБ_Б206
0000272221;45;Сервер HP ProLiant DL360;CZJ64505RX;8499;2;Хранение исправного;3;Физический сервер;5;Отдел информатизации;НБ_Б206
0000272461;45;Сервер HP ProLiant DL360;CZJ64505RZ;8498;2;Хранение исправного;3;Физический сервер;5;Отдел информатизации;НБ_Б206
0000272413;45;Сервер HP ProLiant DL360;CZJ845AACP;9635;2;Хранение исправного;3;Физический сервер;5;Отдел информатизации;НБ_Б106
0000271617;45;Сервер HP ProLiant DL360;CZJ845AACR;9636;1;В эксплуатации;3;Физический сервер;5;Отдел информатизации;НБ_Б206
0000271622;45;Сервер HP ProLiant DL360;CZJ845AAD4;9638;2;Хранение исправного;3;Физический сервер;5;Отдел информатизации;НБ_Б206
0000271978;45;Сервер HP ProLiant DL360;CZJ845AAD6;9639;2;Хранение исправного;3;Физический сервер;5;Отдел информатизации;НБ_Б206
0000270889;45;Сервер HP ProLiant DL360;CZJ845AAD8;9641;1;В эксплуатации;3;Физический сервер;5;Отдел информатизации;НБ_Б206
0000270977;45;Сервер HP ProLiant DL360;CZJ845AADD;9642;2;Хранение исправного;3;Физический сервер;5;Отдел информатизации;НБ_Б206
0000270522;45;Сервер HP ProLiant DL360;CZJ845AADG;9643;2;Хранение исправного;3;Физический сервер;5;Отдел информатизации;НБ_Б206
0000271671;45;Сервер HP ProLiant DL360;CZJ845AADS;9645;2;Хранение исправного;3;Физический сервер;5;Отдел информатизации;НБ_Б206
0000272242;45;Сервер HP ProLiant DL360;CZJ845AAE4;9647;2;Хранение исправного;3;Физический сервер;5;Отдел информатизации;НБ_Б206
0000272618;45;Сервер HP ProLiant DL360;CZJ845AAEA;9648;2;Хранение исправного;3;Физический сервер;5;Отдел информатизации;НБ_Б206
0000272638;45;Сервер HP ProLiant DL360;CZJ845AAEK;9650;2;Хранение исправного;3;Физический сервер;5;Отдел информатизации;НБ_Б206
0000270941;46;Сервер HP ProLiant DL360 G7;CZJ021086B;9965;1;В эксплуатации;3;Физический сервер;5;Отдел информатизации;НБ_Б206
0000270710;46;Сервер HP ProLiant DL360 G7;CZJ02200LJ;9966;1;В эксплуатации;3;Физический сервер;5;Отдел информатизации;НБ_Б206
0000272471;46;Сервер HP ProLiant DL360 G7;CZJ02200LZ;9967;1;В эксплуатации;3;Физический сервер;5;Отдел информатизации;НБ_Б206
0000272589;46;Сервер HP ProLiant DL360 G7;CZJ0410JBF;9968;2;Хранение исправного;3;Физический сервер;5;Отдел информатизации;НБ_Б206
0000271241;46;Сервер HP ProLiant DL360 G7;CZJ0410LXK;9969;1;В эксплуатации;3;Физический сервер;5;Отдел информатизации;НБ_Б206
0000272056;46;Сервер HP ProLiant DL360 G7;CZJ1180B20;1008;1;В эксплуатации;3;Физический сервер;5;Отдел информатизации;НБ_Б206
0000270390;46;Сервер HP ProLiant DL360 G7;CZJ1180BIZ;1007;1;В эксплуатации;3;Физический сервер;5;Отдел информатизации;НБ_Б206
0000271583;46;Сервер HP ProLiant DL360 G7;CZJ1410T5G;1030;1;В эксплуатации;3;Физический сервер;5;Отдел информатизации;НБ_Б206
0000272599;46;Сервер HP ProLiant DL360 G7;CZJ1410T5L;1031;1;В эксплуатации;3;Физический сервер;5;Отдел информатизации;НБ_Б206
0000272322;46;Сервер HP ProLiant DL360 G7;CZJ1410T5T;1032;2;Хранение исправного;3;Физический сервер;5;Отдел информатизации;НБ_Б206
0000270343;46;Сервер HP ProLiant DL360 G7;CZJ1410T6J;1033;1;В эксплуатации;3;Физический сервер;5;Отдел информатизации;НБ_Б206
0000272357;46;Сервер HP ProLiant DL360 G7;CZJ1410T6L;1034;1;В эксплуатации;3;Физический сервер;5;Отдел информатизации;НБ_Б206
0000272176;46;Сервер HP ProLiant DL360 G7;CZJ1410T6Q;1035;1;В эксплуатации;3;Физический сервер;5;Отдел информатизации;НБ_Б206
0000270644;46;Сервер HP ProLiant DL360 G7;CZJ2110LSB;10067;1;В эксплуатации;3;Физический сервер;5;Отдел информатизации;НБ_Б206
0000270723;47;Сервер HP ProLiant DL360 G8;CZJ24105K1;10077;1;В эксплуатации;3;Физический сервер;5;Отдел информатизации;НБ_Б206
0000271122;47;Сервер HP ProLiant DL360 G8;CZJ24105K8;10078;2;Хранение исправного;3;Физический сервер;5;Отдел информатизации;НБ_Б206
0000272579;47;Сервер HP ProLiant DL360 G8;CZJ2421W25;10110;1;В эксплуатации;3;Физический сервер;5;Отдел информатизации;НБ_Б206
0000270923;47;Сервер HP ProLiant DL360 G8;CZJ2421W3S;10109;1;В эксплуатации;3;Физический сервер;5;Отдел информатизации;НБ_Б206
0000272090;48;Сервер HP ProLiant DL360R06;CZJ0340FHW;9952;2;Хранение исправного;3;Физический сервер;5;Отдел информатизации;НБ_Б206
0000270355;48;Сервер HP ProLiant DL360R06;CZJ93408AF;9838;1;В эксплуатации;3;Физический сервер;5;Отдел информатизации;НБ_Б206
0000270557;48;Сервер HP ProLiant DL360R06;CZJ93408AW;9839;1;В эксплуатации;3;Физический сервер;5;Отдел информатизации;НБ_Б206
0000270424;48;Сервер HP ProLiant DL360R06;CZJ93902R9;9840;2;Хранение исправного;3;Физический сервер;5;Отдел информатизации;НБ_Б206
0000271113;48;Сервер HP ProLiant DL360R06;CZJ9420ACP;9841;2;Хранение исправного;3;Физический сервер;5;Отдел информатизации;НБ_Б206
0000272406;48;Сервер HP ProLiant DL360R06;CZJ1410TC7;10079;1;В эксплуатации;3;Физический сервер;5;Отдел информатизации;НБ_Б206
0000271912;49;Сервер HP ProLiant DL380p Gen8;CZ2342090Q;10127;1;В эксплуатации;3;Физический сервер;5;Отдел информатизации;НБ_Б206
0000270655;49;Сервер HP ProLiant DL380p Gen8;CZ23420919;10128;1;В эксплуатации;3;Физический сервер;5;Отдел информатизации;НБ_Б206
0000271888;49;Сервер HP ProLiant DL380p Gen8;CZ24441QMR;10178;1;В эксплуатации;3;Физический сервер;5;Отдел информатизации;НБ_Б206
0000271477;49;Сервер HP ProLiant DL380p Gen8;CZ24441QMT;10179;1;В эксплуатации;3;Физический сервер;5;Отдел информатизации;НБ_Б206
0000270833;50;Сервер HP Proliant DL380R05;GB8727L2WE;8564;2;Хранение исправного;3;Физический сервер;5;Отдел информатизации;НБ_Б206
0000270959;50;Сервер HP Proliant DL380R05;GB8727L2WW;8565;2;Хранение исправного;3;Физический сервер;5;Отдел информатизации;НБ_Б206
0000271949;50;Сервер HP Proliant DL380R05;GB87451J31;8657;2;Хранение исправного;3;Физический сервер;5;Отдел информатизации;НБ_Б206
0000271529;50;Сервер HP Proliant DL380R05;GB87451J32;8658;2;Хранение исправного;3;Физический сервер;5;Отдел информатизации;НБ_Б206
0000271474;51;Сервер IBM х3550;99C0344;9821;2;Хранение исправного;3;Физический сервер;5;Отдел информатизации;НБ_Б412
0000272314;41;Сервер HP DL360G5;CZC7430795;8791;2;Хранение исправного;3;Физический сервер;5;Отдел информатизации;НБ_Б106
0000270344;41;Сервер HP DL360G5;нет данных;8793;2;Хранение исправного;3;Физический сервер;5;Отдел информатизации;НБ_Б106
0000270782;41;Сервер HP DL360G5;нет данных;8792;1;В эксплуатации;3;Физический сервер;5;Отдел информатизации;НБ_Б206
0000270962;52;Сервер WAVE-594;FCH1938V225;10217;1;В эксплуатации;3;Физический сервер;5;Отдел информатизации;НБ_Б412
0000272557;52;Сервер WAVE-594;FCH1938V30D;10218;1;В эксплуатации;3;Физический сервер;5;Отдел информатизации;НБ_Б412
РС17201286;53;Сервер Гравитон С2122И ЕЦРТ.466535.001-50;G20241100041;11011200000000012396;2;Хранение исправного;3;Физический сервер;5;Отдел информатизации;НБ_Б206
РС17201287;53;Сервер Гравитон С2122И ЕЦРТ.466535.001-50;G20241100047;11011200000000012397;2;Хранение исправного;3;Физический сервер;5;Отдел информатизации;НБ_Б206
0000271718;39;Сервер HP DL360 Gen9;CZJ54906RZ;10221;1;В эксплуатации;3;Физический сервер;5;Отдел информатизации;
0000271311;39;Сервер HP DL360 Gen9;CZJ54906SC;10223;1;В эксплуатации;3;Физический сервер;5;Отдел информатизации;НБ_Б106
0000272397;54;Системный блок Aguarius Pro P30 S86;2161202178802-0006;6110236340;2;Хранение исправного;2;Персональный компьютер;6;Отдел наличного денежного обращения и кассовых операций;НБ_Б406
0000270464;54;Системный блок Aguarius Pro P30 S86;2161202178802-0007;6110236342;2;Хранение исправного;2;Персональный компьютер;4;Отдел безопасности;НБ_Б106
0000272464;54;Системный блок Aguarius Pro P30 S86;2161202178802-0009;6110236332;2;Хранение исправного;2;Персональный компьютер;5;Отдел информатизации;НБ_В319
0000272584;54;Системный блок Aguarius Pro P30 S86;2161202178802-0015;6110236327;1;В эксплуатации;2;Персональный компьютер;7;Отдел управления недвижимостью и эксплуатации;НБ_Б106
0000272458;54;Системный блок Aguarius Pro P30 S86;2161202178802-0018;6110236335;2;Хранение исправного;2;Персональный компьютер;5;Отдел информатизации;НБ_Б106
0000271553;54;Системный блок Aguarius Pro P30 S86;2161202178802-0061;6110236324;1;В эксплуатации;2;Персональный компьютер;7;Отдел управления недвижимостью и эксплуатации;НБ_В305
0000271074;54;Системный блок Aguarius Pro P30 S86;2161202178802-0066;6110236322;1;В эксплуатации;2;Персональный компьютер;7;Отдел управления недвижимостью и эксплуатации;НБ_В209
0000272369;54;Системный блок Aguarius Pro P30 S86;2161202178802-0082;6110236336;1;В эксплуатации;2;Персональный компьютер;5;Отдел информатизации;НБ_Б417
0000272374;54;Системный блок Aguarius Pro P30 S86;2161202178802-0086;6110236338;1;В эксплуатации;2;Персональный компьютер;1;Cтоловая;НБ_Б220
0000270901;54;Системный блок Aguarius Pro P30 S86;2161202178802-0094;6110236329;1;В эксплуатации;2;Персональный компьютер;11;Экономический отдел;НБ_А216
0000272591;54;Системный блок Aguarius Pro P30 S86;2161202178802-0102;6110236320;1;В эксплуатации;2;Персональный компьютер;6;Отдел наличного денежного обращения и кассовых операций;НБ_А128
0000271633;54;Системный блок Aguarius Pro P30 S86;2161202178802-0108;6110236325;1;В эксплуатации;2;Персональный компьютер;2;Административный отдел;НБ_Б418
0000270450;54;Системный блок Aguarius Pro P30 S86;2161202178802-0109;6110236343;1;В эксплуатации;2;Персональный компьютер;7;Отдел управления недвижимостью и эксплуатации;НБ_В305
0000272178;54;Системный блок Aguarius Pro P30 S86;2161202178802-0114;6110236344;2;Хранение исправного;2;Персональный компьютер;5;Отдел информатизации;НБ_Б106
0000270505;54;Системный блок Aguarius Pro P30 S86;2161202178802-0115;6110236323;2;Хранение исправного;2;Персональный компьютер;5;Отдел информатизации;НБ_Б406
0000270385;54;Системный блок Aguarius Pro P30 S86;2161202178802-0116;6110236321;2;Хранение исправного;2;Персональный компьютер;5;Отдел информатизации;НБ_Б106
0000272442;54;Системный блок Aguarius Pro P30 S86;2161202178802-0118;6110236334;1;В эксплуатации;2;Персональный компьютер;8;Руководство;НБ_В319
0000270349;54;Системный блок Aguarius Pro P30 S86;2161202178802-0119;6110236319;1;В эксплуатации;2;Персональный компьютер;7;Отдел управления недвижимостью и эксплуатации;НБ_Б106
0000270362;54;Системный блок Aguarius Pro P30 S86;2161202178802-0120;6110236331;2;Хранение исправного;2;Персональный компьютер;4;Отдел безопасности;НБ_Б106
0000272606;54;Системный блок Aguarius Pro P30 S86;2161202178802-0178;6110236341;1;В эксплуатации;2;Персональный компьютер;2;Административный отдел;НБ_Б106
0000272526;54;Системный блок Aguarius Pro P30 S86;2161202178802-0200;6110236330;2;Хранение исправного;2;Персональный компьютер;5;Отдел информатизации;НБ_Б106
0000272440;54;Системный блок Aguarius Pro P30 S86;2161202178802-0201;6110236326;1;В эксплуатации;2;Персональный компьютер;2;Административный отдел;НБ_Б106
0000272024;54;Системный блок Aguarius Pro P30 S86;2161202178802-0209;6110236337;1;В эксплуатации;2;Персональный компьютер;3;Операционный отдел;НБ_Б106
0000270975;54;Системный блок Aguarius Pro P30 S86;2161202178802-0302;6110236328;1;В эксплуатации;2;Персональный компьютер;4;Отдел безопасности;НБ_Б406
0000270370;54;Системный блок Aguarius Pro P30 S86;2161202178802-0309;6110236333;1;В эксплуатации;2;Персональный компьютер;5;Отдел информатизации;НБ_Б106
0000272353;54;Системный блок Aguarius Pro P30 S86;2161202178802-0347;6110236339;2;Хранение исправного;2;Персональный компьютер;5;Отдел информатизации;НБ_Б106
0000271083;55;Системный блок HP dc7900 СМТ;нет данных;9844;2;Хранение исправного;2;Персональный компьютер;5;Отдел информатизации;НБ_Б106
0000271550;55;Системный блок HP dc7900 СМТ;нет данных;9850;2;Хранение исправного;2;Персональный компьютер;5;Отдел информатизации;НБ_Б106
0000272016;55;Системный блок HP dc7900 СМТ;нет данных;9845;2;Хранение исправного;2;Персональный компьютер;4;Отдел безопасности;НБ_Б106
0000272346;55;Системный блок HP dc7900 СМТ;нет данных;9848;2;Хранение исправного;2;Персональный компьютер;5;Отдел информатизации;НБ_Б106
0000272368;55;Системный блок HP dc7900 СМТ;нет данных;9847;2;Хранение исправного;2;Персональный компьютер;1;Cтоловая;НБ_Б106
0000272682;56;Системный блок категории Премиум PRO P30 K40 R54;2220407001701-0066;91214032732289002;1;В эксплуатации;2;Персональный компьютер;5;Отдел информатизации;НБ_Б406
0000272683;56;Системный блок категории Премиум PRO P30 K40 R54;2220407001701-0522;91214032732289003;1;В эксплуатации;2;Персональный компьютер;6;Отдел наличного денежного обращения и кассовых операций;НБ_А136
0000272684;56;Системный блок категории Стандарт PRO P30 K40 R54;222091100171Z-0102;91214032732288946;1;В эксплуатации;2;Персональный компьютер;6;Отдел наличного денежного обращения и кассовых операций;НБ_А130
0000272685;56;Системный блок категории Стандарт PRO P30 K40 R54;222091100171Z-0123;91214032732288947;1;В эксплуатации;2;Персональный компьютер;6;Отдел наличного денежного обращения и кассовых операций;НБ_А136
0000272686;56;Системный блок категории Стандарт PRO P30 K40 R54;222091100171Z-0139;91214032732288948;1;В эксплуатации;2;Персональный компьютер;6;Отдел наличного денежного обращения и кассовых операций;НБ_А140
0000272687;56;Системный блок категории Стандарт PRO P30 K40 R54;222091100171Z-0179;91214032732288949;1;В эксплуатации;2;Персональный компьютер;6;Отдел наличного денежного обращения и кассовых операций;НБ_А141
0000272688;56;Системный блок категории Стандарт PRO P30 K40 R54;222091100171Z-0208;91214032732288950;1;В эксплуатации;2;Персональный компьютер;6;Отдел наличного денежного обращения и кассовых операций;НБ_А136
0000272689;56;Системный блок категории Стандарт PRO P30 K40 R54;222091100171Z-0232;91214032732288951;1;В эксплуатации;2;Персональный компьютер;6;Отдел наличного денежного обращения и кассовых операций;НБ_А145
0000272672;56;Системный блок категории Стандарт PRO P30 K40 R54;222091100171Z-0258;91214032732288952;1;В эксплуатации;2;Персональный компьютер;6;Отдел наличного денежного обращения и кассовых операций;НБ_А127
0000272673;56;Системный блок категории Стандарт PRO P30 K40 R54;222091100171Z-0270;91214032732288953;2;Хранение исправного;2;Персональный компьютер;5;Отдел информатизации;НБ_Б406
0000272674;56;Системный блок категории Стандарт PRO P30 K40 R54;222091100171Z-0296;91214032732288954;1;В эксплуатации;2;Персональный компьютер;6;Отдел наличного денежного обращения и кассовых операций;НБ_Б406
0000272675;56;Системный блок категории Стандарт PRO P30 K40 R54;222091100171Z-0313;91214032732288955;1;В эксплуатации;2;Персональный компьютер;5;Отдел информатизации;НБ_Б406
0000272690;56;Системный блок категории Стандарт PRO P30 K40 R54;222091100171Z-0314;91214032732288956;1;В эксплуатации;2;Персональный компьютер;6;Отдел наличного денежного обращения и кассовых операций;НБ_А127
0000272691;56;Системный блок категории Стандарт PRO P30 K40 R54;222091100171Z-0339;91214032732288957;1;В эксплуатации;2;Персональный компьютер;3;Операционный отдел;НБ_В130
0000272692;56;Системный блок категории Стандарт PRO P30 K40 R54;222091100171Z-0353;91214032732288958;1;В эксплуатации;2;Персональный компьютер;3;Операционный отдел;НБ_А126
0000272693;56;Системный блок категории Стандарт PRO P30 K40 R54;222091100171Z-0382;91214032732288959;1;В эксплуатации;2;Персональный компьютер;5;Отдел информатизации;НБ_Б308
0000272694;56;Системный блок категории Стандарт PRO P30 K40 R54;222091100171Z-0545;91214032732288960;1;В эксплуатации;2;Персональный компьютер;3;Операционный отдел;НБ_А209
0000272695;56;Системный блок категории Стандарт PRO P30 K40 R54;222091100171Z-0946;91214032732288961;1;В эксплуатации;2;Персональный компьютер;3;Операционный отдел;НБ_А209
0000272696;56;Системный блок категории Стандарт PRO P30 K40 R54;222091100171Z-0968;91214032732288962;1;В эксплуатации;2;Персональный компьютер;3;Операционный отдел;НБ_А126
0000272697;56;Системный блок категории Стандарт PRO P30 K40 R54;2220911001722-0001;91214032732288963;1;В эксплуатации;2;Персональный компьютер;3;Операционный отдел;НБ_А126
0000272698;56;Системный блок категории Стандарт PRO P30 K40 R54;2220911001722-0026;91214032732288964;1;В эксплуатации;2;Персональный компьютер;5;Отдел информатизации;НБ_Б308
0000272699;56;Системный блок категории Стандарт PRO P30 K40 R54;2220911001722-0036;91214032732288965;1;В эксплуатации;2;Персональный компьютер;3;Операционный отдел;НБ_А126
0000272700;56;Системный блок категории Стандарт PRO P30 K40 R54;2220911001722-0039;91214032732288966;1;В эксплуатации;2;Персональный компьютер;3;Операционный отдел;НБ_А126
0000272701;56;Системный блок категории Стандарт PRO P30 K40 R54;2220911001722-0063;91214032732288967;1;В эксплуатации;2;Персональный компьютер;3;Операционный отдел;НБ_А126
0000272676;56;Системный блок категории Стандарт PRO P30 K40 R54;2220911001722-0074;91214032732288968;1;В эксплуатации;2;Персональный компьютер;8;Руководство;НБ_Г206
0000272677;56;Системный блок категории Стандарт PRO P30 K40 R54;2220911001722-0109;91214032732288969;1;В эксплуатации;2;Персональный компьютер;6;Отдел наличного денежного обращения и кассовых операций;НБ_Г303
0000272678;56;Системный блок категории Стандарт PRO P30 K40 R54;2220911001722-0112;91214032732288970;1;В эксплуатации;2;Персональный компьютер;6;Отдел наличного денежного обращения и кассовых операций;НБ_Г305
0000272679;56;Системный блок категории Стандарт PRO P30 K40 R54;2220911001722-0114;91214032732288971;1;В эксплуатации;2;Персональный компьютер;6;Отдел наличного денежного обращения и кассовых операций;НБ_Г305
0000272680;56;Системный блок категории Стандарт PRO P30 K40 R54;2220911001722-1118;91214032732288972;1;В эксплуатации;2;Персональный компьютер;5;Отдел информатизации;НБ_Б406
0000272681;56;Системный блок категории Стандарт PRO P30 K40 R54;2220911001728-0047;91214032732288973;1;В эксплуатации;2;Персональный компьютер;5;Отдел информатизации;НБ_Б406
0000272727;57;Системный блок категории Стандарт PRO P30 K44 R54;223013000391H-0001;91214032732311158;1;В эксплуатации;2;Персональный компьютер;5;Отдел информатизации;НБ_Б402
0000272728;57;Системный блок категории Стандарт PRO P30 K44 R54;223013000391H-0002;91214032732311159;1;В эксплуатации;2;Персональный компьютер;6;Отдел наличного денежного обращения и кассовых операций;НБ_Б105
0000272729;57;Системный блок категории Стандарт PRO P30 K44 R54;223013000391H-0003;91214032732311160;1;В эксплуатации;2;Персональный компьютер;5;Отдел информатизации;НБ_Б305
0000272730;57;Системный блок категории Стандарт PRO P30 K44 R54;223013000391H-0004;91214032732311161;1;В эксплуатации;2;Персональный компьютер;6;Отдел наличного денежного обращения и кассовых операций;НБ_Г303
0000272731;57;Системный блок категории Стандарт PRO P30 K44 R54;223013000391H-0005;91214032732311162;1;В эксплуатации;2;Персональный компьютер;5;Отдел информатизации;НБ_Б402
0000272732;57;Системный блок категории Стандарт PRO P30 K44 R54;223013000391H-0006;91214032732311163;1;В эксплуатации;2;Персональный компьютер;6;Отдел наличного денежного обращения и кассовых операций;НБ_А136
0000272759;57;Системный блок категории Стандарт PRO P30 K44 R54;223013000391H-0007;91214032732311164;1;В эксплуатации;2;Персональный компьютер;4;Отдел безопасности;НБ_А102
0000272733;57;Системный блок категории Стандарт PRO P30 K44 R54;223013000391H-0008;91214032732311165;1;В эксплуатации;2;Персональный компьютер;7;Отдел управления недвижимостью и эксплуатации;НБ_В217
0000272914;57;Системный блок категории Стандарт PRO P30 K44 R54;223013000391H-0009;91214032732311166;1;В эксплуатации;2;Персональный компьютер;2;Административный отдел;НБ_Б418
0000272734;57;Системный блок категории Стандарт PRO P30 K44 R54;223013000391H-0011;91214032732311167;1;В эксплуатации;2;Персональный компьютер;4;Отдел безопасности;НБ_В215
0000272735;57;Системный блок категории Стандарт PRO P30 K44 R54;223013000391H-0012;91214032732311168;1;В эксплуатации;2;Персональный компьютер;5;Отдел информатизации;НБ_Б402
0000272736;57;Системный блок категории Стандарт PRO P30 K44 R54;223013000391H-0013;91214032732311169;1;В эксплуатации;2;Персональный компьютер;7;Отдел управления недвижимостью и эксплуатации;НБ_В209
0000272737;57;Системный блок категории Стандарт PRO P30 K44 R54;223013000391H-0015;91214032732311170;1;В эксплуатации;2;Персональный компьютер;9;Сектор платёжных систем и расчетов;НБ_Б320
0000272738;57;Системный блок категории Стандарт PRO P30 K44 R54;223013000391H-0021;91214032732311171;1;В эксплуатации;2;Персональный компьютер;9;Сектор платёжных систем и расчетов;НБ_Б320
0000272739;57;Системный блок категории Стандарт PRO P30 K44 R54;223013000391H-0022;91214032732311172;1;В эксплуатации;2;Персональный компьютер;9;Сектор платёжных систем и расчетов;НБ_Б320
0000272740;57;Системный блок категории Стандарт PRO P30 K44 R54;223013000391H-0027;91214032732311173;1;В эксплуатации;2;Персональный компьютер;6;Отдел наличного денежного обращения и кассовых операций;НБ_А132
0000272741;57;Системный блок категории Стандарт PRO P30 K44 R54;223013000391H-0031;91214032732311174;1;В эксплуатации;2;Персональный компьютер;4;Отдел безопасности;НБ_В320
0000272742;57;Системный блок категории Стандарт PRO P30 K44 R54;223013000391H-0032;91214032732311175;1;В эксплуатации;2;Персональный компьютер;5;Отдел информатизации;НБ_Б417
0000272743;57;Системный блок категории Стандарт PRO P30 K44 R54;223013000391H-0033;91214032732311176;1;В эксплуатации;2;Персональный компьютер;12;Юридический отдел;НБ_Б212
0000272744;57;Системный блок категории Стандарт PRO P30 K44 R54;223013000391H-0034;91214032732311177;1;В эксплуатации;2;Персональный компьютер;5;Отдел информатизации;НБ_Б406
0000272760;57;Системный блок категории Стандарт PRO P30 K44 R54;223013000391H-0036;91214032732311178;1;В эксплуатации;2;Персональный компьютер;11;Экономический отдел;НБ_Б322
0000272745;57;Системный блок категории Стандарт PRO P30 K44 R54;223013000391H-0041;91214032732311179;1;В эксплуатации;2;Персональный компьютер;2;Административный отдел;НБ_Б416
0000272746;57;Системный блок категории Стандарт PRO P30 K44 R54;223013000391H-0042;91214032732311180;1;В эксплуатации;2;Персональный компьютер;11;Экономический отдел;НБ_Б323
0000272747;57;Системный блок категории Стандарт PRO P30 K44 R54;223013000391H-0044;91214032732311181;1;В эксплуатации;2;Персональный компьютер;7;Отдел управления недвижимостью и эксплуатации;НБ_Д105
0000272852;57;Системный блок категории Стандарт PRO P30 K44 R54;223013000391H-0045;91214032732311182;1;В эксплуатации;2;Персональный компьютер;8;Руководство;НБ_Б324
0000272748;57;Системный блок категории Стандарт PRO P30 K44 R54;223013000391H-0046;91214032732311183;1;В эксплуатации;2;Персональный компьютер;7;Отдел управления недвижимостью и эксплуатации;НБ_А215
0000272749;57;Системный блок категории Стандарт PRO P30 K44 R54;223013000391H-0047;91214032732311184;1;В эксплуатации;2;Персональный компьютер;7;Отдел управления недвижимостью и эксплуатации;НБ_А215
0000272750;57;Системный блок категории Стандарт PRO P30 K44 R54;223013000391H-0048;91214032732311185;1;В эксплуатации;2;Персональный компьютер;12;Юридический отдел;НБ_Б212
0000272751;57;Системный блок категории Стандарт PRO P30 K44 R54;223013000391H-0049;91214032732311186;1;В эксплуатации;2;Персональный компьютер;3;Операционный отдел;НБ_А126
0000272752;57;Системный блок категории Стандарт PRO P30 K44 R54;223013000391H-0050;91214032732311187;1;В эксплуатации;2;Персональный компьютер;7;Отдел управления недвижимостью и эксплуатации;НБ_В305
0000272753;57;Системный блок категории Стандарт PRO P30 K44 R54;223013000391H-0051;91214032732311188;1;В эксплуатации;2;Персональный компьютер;4;Отдел безопасности;НБ_В308
0000272707;57;Системный блок категории Стандарт PRO P30 K44 R54;223013000391H-0053;91214032732311189;1;В эксплуатации;2;Персональный компьютер;6;Отдел наличного денежного обращения и кассовых операций;НБ_А130
0000272708;57;Системный блок категории Стандарт PRO P30 K44 R54;223013000391H-0071;91214032732311190;1;В эксплуатации;2;Персональный компьютер;5;Отдел информатизации;НБ_Б305
0000272709;57;Системный блок категории Стандарт PRO P30 K44 R54;223013000391H-0073;91214032732311191;1;В эксплуатации;2;Персональный компьютер;5;Отдел информатизации;НБ_Б306
0000272710;57;Системный блок категории Стандарт PRO P30 K44 R54;223013000391H-0074;91214032732311192;1;В эксплуатации;2;Персональный компьютер;5;Отдел информатизации;НБ_Б308
0000272761;57;Системный блок категории Стандарт PRO P30 K44 R54;223013000391H-0075;91214032732311193;1;В эксплуатации;2;Персональный компьютер;4;Отдел безопасности;НБ_В319
0000272711;57;Системный блок категории Стандарт PRO P30 K44 R54;223013000391H-0081;91214032732311194;1;В эксплуатации;2;Персональный компьютер;5;Отдел информатизации;НБ_Б308
0000272712;57;Системный блок категории Стандарт PRO P30 K44 R54;223013000391H-0084;91214032732311195;1;В эксплуатации;2;Персональный компьютер;11;Экономический отдел;НБ_Б321
0000272713;57;Системный блок категории Стандарт PRO P30 K44 R54;223013000391H-0089;91214032732311196;1;В эксплуатации;2;Персональный компьютер;5;Отдел информатизации;НБ_Б417
0000272714;57;Системный блок категории Стандарт PRO P30 K44 R54;223013000391H-0091;91214032732311197;1;В эксплуатации;2;Персональный компьютер;4;Отдел безопасности;НБ_В322
0000272715;57;Системный блок категории Стандарт PRO P30 K44 R54;223013000391H-0094;91214032732311198;1;В эксплуатации;2;Персональный компьютер;1;Cтоловая;НБ_Б224
0000272716;57;Системный блок категории Стандарт PRO P30 K44 R54;223013000391H-0119;91214032732311199;1;В эксплуатации;2;Персональный компьютер;3;Операционный отдел;НБ_А126
0000272853;57;Системный блок категории Стандарт PRO P30 K44 R54;223013000391H-0120;91214032732311200;1;В эксплуатации;2;Персональный компьютер;6;Отдел наличного денежного обращения и кассовых операций;НБ_Г306
0000272717;57;Системный блок категории Стандарт PRO P30 K44 R54;223013000391H-0121;91214032732311201;1;В эксплуатации;2;Персональный компьютер;4;Отдел безопасности;НБ_В322
0000272718;57;Системный блок категории Стандарт PRO P30 K44 R54;223013000391H-0151;91214032732311202;1;В эксплуатации;2;Персональный компьютер;12;Юридический отдел;НБ_Б218
0000272757;57;Системный блок категории Стандарт PRO P30 K44 R54;223013000391H-0177;91214032732311203;1;В эксплуатации;2;Персональный компьютер;11;Экономический отдел;НБ_Б323
0000272719;57;Системный блок категории Стандарт PRO P30 K44 R54;223013000391H-0199;91214032732311204;1;В эксплуатации;2;Персональный компьютер;2;Административный отдел;НБ_Г205
0000272720;57;Системный блок категории Стандарт PRO P30 K44 R54;223013000391H-0200;91214032732311205;1;В эксплуатации;2;Персональный компьютер;6;Отдел наличного денежного обращения и кассовых операций;НБ_Г305
0000272721;57;Системный блок категории Стандарт PRO P30 K44 R54;223013000391H-0204;91214032732311206;1;В эксплуатации;2;Персональный компьютер;11;Экономический отдел;НБ_Б321
0000272722;57;Системный блок категории Стандарт PRO P30 K44 R54;223013000391H-0206;91214032732311207;1;В эксплуатации;2;Персональный компьютер;8;Руководство;НБ_Д202
0000272723;57;Системный блок категории Стандарт PRO P30 K44 R54;223013000391H-0217;91214032732311208;1;В эксплуатации;2;Персональный компьютер;7;Отдел управления недвижимостью и эксплуатации;НБ_Д105
0000272724;57;Системный блок категории Стандарт PRO P30 K44 R54;223013000391H-0238;91214032732311209;1;В эксплуатации;2;Персональный компьютер;2;Административный отдел;НБ_Б418
0000272725;57;Системный блок категории Стандарт PRO P30 K44 R54;223013000391H-0262;91214032732311210;1;В эксплуатации;2;Персональный компьютер;5;Отдел информатизации;НБ_Б402
0000272913;57;Системный блок категории Стандарт PRO P30 K44 R54;223013000391H-0272;91214032732311211;1;В эксплуатации;2;Персональный компьютер;5;Отдел информатизации;НБ_Б402
0000272726;57;Системный блок категории Стандарт PRO P30 K44 R54;223013000391H-0278;91214032732311212;1;В эксплуатации;2;Персональный компьютер;4;Отдел безопасности;НБ_В309
0000272915;57;Системный блок категории Стандарт PRO P30 K44 R54;6230630123001-0067;91214032732337035;1;В эксплуатации;2;Персональный компьютер;5;Отдел информатизации;НБ_Б306
0000272916;57;Системный блок категории Стандарт PRO P30 K44 R54;6230630123001-0100;91214032732337036;1;В эксплуатации;2;Персональный компьютер;5;Отдел информатизации;НБ_Б306
0000272917;57;Системный блок категории Стандарт PRO P30 K44 R54;6230630123001-0106;91214032732337037;1;В эксплуатации;2;Персональный компьютер;5;Отдел информатизации;НБ_Б417
0000272918;57;Системный блок категории Стандарт PRO P30 K44 R54;6230630123001-0110;91214032732337038;1;В эксплуатации;2;Персональный компьютер;5;Отдел информатизации;НБ_Б402
0000272919;57;Системный блок категории Стандарт PRO P30 K44 R54;6230630123001-0112;91214032732337039;1;В эксплуатации;2;Персональный компьютер;5;Отдел информатизации;НБ_Б402
0000272920;57;Системный блок категории Стандарт PRO P30 K44 R54;6230630123001-0140;91214032732337040;1;В эксплуатации;2;Персональный компьютер;5;Отдел информатизации;НБ_Б402
0000272921;57;Системный блок категории Стандарт PRO P30 K44 R54;6230630123001-0214;91214032732337041;1;В эксплуатации;2;Персональный компьютер;5;Отдел информатизации;НБ_Б305
0000272922;57;Системный блок категории Стандарт PRO P30 K44 R54;6230630123001-0248;91214032732337042;1;В эксплуатации;2;Персональный компьютер;4;Отдел безопасности;НБ_В215
0000272923;57;Системный блок категории Стандарт PRO P30 K44 R54;6230630123001-0261;91214032732337043;1;В эксплуатации;2;Персональный компьютер;5;Отдел информатизации;НБ_Б406
0000272924;57;Системный блок категории Стандарт PRO P30 K44 R54;6230630123001-0282;91214032732337044;1;В эксплуатации;2;Персональный компьютер;8;Руководство;НБ_Б420
0000272925;57;Системный блок категории Стандарт PRO P30 K44 R54;6230630123001-0287;91214032732337045;1;В эксплуатации;2;Персональный компьютер;5;Отдел информатизации;НБ_Б406
0000272926;57;Системный блок категории Стандарт PRO P30 K44 R54;6230630123001-0288;91214032732337046;1;В эксплуатации;2;Персональный компьютер;5;Отдел информатизации;НБ_Б417
0000272927;57;Системный блок категории Стандарт PRO P30 K44 R54;6230630123001-0333;91214032732337047;1;В эксплуатации;2;Персональный компьютер;8;Руководство;НБ_Г206
0000272928;57;Системный блок категории Стандарт PRO P30 K44 R54;6230630123001-0342;91214032732337048;1;В эксплуатации;2;Персональный компьютер;8;Руководство;НБ_А219
